auto_1.png,5AT2997
auto_1.png,5AT2997
auto_10.png,4J26826
auto_11.png,4J26826
auto_12.png,4C46627
auto_13.png,1TV0247
auto_14.png,4SR4458
auto_15.png,4T94757
auto_16.png,BT04272
auto_17.png,1TZ1323
auto_18.png,5AS4044
auto_19.png,8T16274
auto_2.png,9C02418
auto_20.png,8T16274
auto_21.png,4AN4660
auto_22.png,7T00390
auto_23.png,8AL9367
auto_24.png,8T74191
auto_25.png,2TB7994
auto_26.png,1TF6562
auto_27.png,7T10097
auto_28.png,7T10097
auto_29.png,6Z41352
auto_3.png,2TC5590
auto_30.png,6H90128
auto_31.png,5T27005
auto_32.png,1TY3485
auto_33.png,6M93040
auto_34.png,1TM6703
auto_35.png,9T98854
auto_36.png,4T85239
auto_37.png,2TH9760
auto_38.png,1TE1886
auto_39.png,8T04131
auto_4.png,2TC5590
auto_40.png,2TC4613
auto_41.png,2TC4613
auto_42.png,2TH9545
auto_43.png,2TH9545
auto_44.png,1TL4310
auto_45.png,1TX9219
auto_46.png,1TI0962
auto_47.png,7B21477
auto_48.png,4T65324
auto_49.png,1TS3362
auto_5.png,3T54219
auto_50.png,7T84626
auto_51.png,1TM8303
auto_52.png,1TX0281
auto_53.png,1TX0281
auto_54.png,2B51560
auto_55.png,3T61902
auto_56.png,1TD3229
auto_57.png,1TX2205
auto_58.png,3A15696
auto_59.png,1TD0591
auto_6.png,1BV6913
auto_60.png,7AJ2218
auto_61.png,7T49556
auto_62.png,9T59689
auto_63.png,1TF7759
auto_64.png,1TF7759
auto_65.png,4T87554
auto_66.png,7T56403
auto_67.png,7T56403
auto_68.png,6T74498
auto_69.png,1TT6597
auto_7.png,1TC1167
auto_70.png,1TZ5610
auto_71.png,6T60369
auto_72.png,8T06220
auto_73.png,1TN5257
auto_74.png,1TN5257
auto_8.png,1TS3181
auto_9.png,8U63700
